{
    "coords": [
        [
            1.01,
            1.01
        ],
        [
            1.01,
            2.005
        ],
        [
            1.01,
            3.0
        ],
        [
            1.01,
            3.995
        ],
        [
            1.01,
            4.99
        ],
        [
            2.0060000000000002,
            1.01
        ],
        [
            2.0060000000000002,
            2.005
        ],
        [
            2.0060000000000002,
            3.0
        ],
        [
            2.0060000000000002,
            3.995
        ],
        [
            2.0060000000000002,
            4.99
        ],
        [
            3.0020000000000002,
            1.01
        ],
        [
            3.0020000000000002,
            2.005
        ],
        [
            3.0020000000000002,
            3.0
        ],
        [
            3.0020000000000002,
            3.995
        ],
        [
            3.0020000000000002,
            4.99
        ],
        [
            3.998,
            1.01
        ],
        [
            3.998,
            2.005
        ],
        [
            3.998,
            3.0
        ],
        [
            3.998,
            3.995
        ],
        [
            3.998,
            4.99
        ],
        [
            4.994000000000001,
            1.01
        ],
        [
            4.994000000000001,
            2.005
        ],
        [
            4.994000000000001,
            3.0
        ],
        [
            4.994000000000001,
            3.995
        ],
        [
            4.994000000000001,
            4.99
        ],
        [
            5.99,
            1.01
        ],
        [
            5.99,
            2.005
        ],
        [
            5.99,
            3.0
        ],
        [
            5.99,
            3.995
        ],
        [
            5.99,
            4.99
        ]
    ],
    "conect": [
        [
            6.0,
            0.0,
            0.0,
            2.0
        ],
        [
            7.0,
            0.0,
            1.0,
            3.0
        ],
        [
            8.0,
            0.0,
            2.0,
            4.0
        ],
        [
            9.0,
            0.0,
            3.0,
            5.0
        ],
        [
            10.0,
            0.0,
            4.0,
            0.0
        ],
        [
            11.0,
            1.0,
            0.0,
            7.0
        ],
        [
            12.0,
            2.0,
            6.0,
            8.0
        ],
        [
            13.0,
            3.0,
            7.0,
            9.0
        ],
        [
            14.0,
            4.0,
            8.0,
            10.0
        ],
        [
            15.0,
            5.0,
            9.0,
            0.0
        ],
        [
            16.0,
            6.0,
            0.0,
            12.0
        ],
        [
            17.0,
            7.0,
            11.0,
            13.0
        ],
        [
            18.0,
            8.0,
            12.0,
            14.0
        ],
        [
            19.0,
            9.0,
            13.0,
            15.0
        ],
        [
            20.0,
            10.0,
            14.0,
            0.0
        ],
        [
            21.0,
            11.0,
            0.0,
            17.0
        ],
        [
            22.0,
            12.0,
            16.0,
            18.0
        ],
        [
            23.0,
            13.0,
            17.0,
            19.0
        ],
        [
            24.0,
            14.0,
            18.0,
            20.0
        ],
        [
            25.0,
            15.0,
            19.0,
            0.0
        ],
        [
            26.0,
            16.0,
            0.0,
            22.0
        ],
        [
            27.0,
            17.0,
            21.0,
            23.0
        ],
        [
            28.0,
            18.0,
            22.0,
            24.0
        ],
        [
            29.0,
            19.0,
            23.0,
            25.0
        ],
        [
            30.0,
            20.0,
            24.0,
            0.0
        ],
        [
            0.0,
            21.0,
            0.0,
            27.0
        ],
        [
            0.0,
            22.0,
            26.0,
            28.0
        ],
        [
            0.0,
            23.0,
            27.0,
            29.0
        ],
        [
            0.0,
            24.0,
            28.0,
            30.0
        ],
        [
            0.0,
            25.0,
            29.0,
            0.0
        ]
    ],
    "n": 30,
    "h": 0.9960000000000001,
    "k": 0.9950000000000001,
    "bc": [
        [
            1.0,
            0.0
        ],
        [
            1.0,
            0.0
        ],
        [
            1.0,
            0.0
        ],
        [
            1.0,
            0.0
        ],
        [
            1.0,
            0.0
        ],
        [
            1.0,
            75.0
        ],
        [
            0.0,
            0.0
        ],
        [
            0.0,
            0.0
        ],
        [
            0.0,
            0.0
        ],
        [
            1.0,
            25.0
        ],
        [
            1.0,
            75.0
        ],
        [
            0.0,
            0.0
        ],
        [
            0.0,
            0.0
        ],
        [
            0.0,
            0.0
        ],
        [
            1.0,
            25.0
        ],
        [
            1.0,
            75.0
        ],
        [
            0.0,
            0.0
        ],
        [
            0.0,
            0.0
        ],
        [
            0.0,
            0.0
        ],
        [
            1.0,
            25.0
        ],
        [
            1.0,
            75.0
        ],
        [
            0.0,
            0.0
        ],
        [
            0.0,
            0.0
        ],
        [
            0.0,
            0.0
        ],
        [
            1.0,
            25.0
        ],
        [
            1.0,
            100.0
        ],
        [
            1.0,
            100.0
        ],
        [
            1.0,
            100.0
        ],
        [
            1.0,
            100.0
        ],
        [
            1.0,
            100.0
        ]
    ],
    "hpoints": 6,
    "vpoints": 5
}