{"x": [[0.0, 0.0, 0.0, 0.0, 0.0, 75.0, 39.14261768416474, 25.77576394779189, 20.989008565049087, 25.0, 75.0, 55.90030650362002, 42.954174446555044, 33.212854020983514, 25.0, 75.0, 66.64288822498838, 56.921328244297925, 43.955435742351874, 25.0, 75.0, 78.90349166419689, 74.13933911171674, 60.749882545081235, 25.0, 100.0, 100.0, 100.0, 100.0, 100.0]], "vpoints": 5.0, "hpoints": 6.0, "xs": [[1.01, 1.01, 1.01, 1.01, 1.01, 2.0060000000000002, 2.0060000000000002, 2.0060000000000002, 2.0060000000000002, 2.0060000000000002, 3.0020000000000002, 3.0020000000000002, 3.0020000000000002, 3.0020000000000002, 3.0020000000000002, 3.998, 3.998, 3.998, 3.998, 3.998, 4.994000000000001, 4.994000000000001, 4.994000000000001, 4.994000000000001, 4.994000000000001, 5.99, 5.99, 5.99, 5.99, 5.99]], "ys": [[1.01, 2.005, 3.0, 3.995, 4.99, 1.01, 2.005, 3.0, 3.995, 4.99, 1.01, 2.005, 3.0, 3.995, 4.99, 1.01, 2.005, 3.0, 3.995, 4.99, 1.01, 2.005, 3.0, 3.995, 4.99, 1.01, 2.005, 3.0, 3.995, 4.99]]}